City,Cluster label,tsne_1,tsne_2,tsne_3
Lorient,1,5.660604,-6.474219,-3.2831323
Melun,1,10.17579,-2.501878,-1.2453715
Clermont-Ferrand,1,5.1784244,-9.603957,3.699545
Saint-Louis-Bâle (French part),5,0.30560344,-3.2938776,8.341658
Chambéry,4,4.3675632,-0.74367684,-2.3123257
Nîmes,5,-4.7815313,-4.7894883,6.749893
Cannes-Antibes,4,10.313745,-4.9939227,-7.37367
Marseille,5,3.3267162,-8.181897,7.6792965
Lyon,1,8.701041,-7.332695,2.7031207
La Seyne-sur-Mer,5,1.435469,-6.1723814,7.592401
Troyes,1,5.219013,-6.550401,-4.8909564
Calais,7,2.3013792,-18.258858,-0.98248297
Valenciennes,4,5.387419,0.23386168,-3.1732512
Grenoble,1,7.8960714,-6.009035,-4.0680532
Nancy,1,7.4529223,-6.008779,-4.9697514
Arras,1,6.139933,-2.6612751,-3.6511884
Saint-Louis,4,4.5425806,3.7845914,-5.938649
Poitiers,4,4.686933,-4.206904,-6.5685887
Quimper,5,-7.3378587,-1.6118993,3.8313313
Saint-Étienne,4,2.2327175,-5.462735,-5.1316833
Perpignan,4,-0.19293836,-3.9599557,-2.557844
Hayange,4,7.054714,0.56465715,-0.41821828
Douai,4,5.034126,-0.1394632,-2.7177477
Saint-Denis,4,6.238639,2.3573284,-4.8678613
Reims,1,7.2619896,-6.343201,-4.901735
Belfort,5,1.3276305,-7.2474914,6.5639453
Besançon,4,8.978521,-3.898279,-7.2985687
Le Havre,7,3.942358,-16.837605,-2.8622282
Avignon,4,-0.4662021,-1.3238412,-3.1476307
Amiens,4,5.158323,-4.523651,-6.266678
Creil,1,5.6855483,-4.4917674,2.3549755
Colmar,4,-5.0084863,2.181754,-7.178317
Pau,1,1.289054,-6.3757925,-5.0076127
Annecy,4,3.4447758,-5.0845933,-1.0792044
Cayenne,1,-1.8795648,10.133685,-5.3184648
Chartres,1,2.1849988,-5.5939827,-5.1167626
Le Mans,5,5.3207984,-8.004418,4.9970884
Angers,5,3.7269745,-7.9581904,4.4534883
Valence,4,5.992542,-0.3562368,-3.1614387
Mantes-la-Jolie,1,6.3692794,-7.098217,5.02392
Fort-de-France,5,0.19483712,-2.7544198,8.374117
Dijon,1,7.111846,-7.4230247,-4.810833
Nice,1,8.822538,-8.379569,-3.3315518
La Rochelle,4,4.4683743,-13.015646,-4.6112223
Bordeaux,4,5.2497683,-3.9486573,-5.89722
Annemasse-Geneva (French part),1,10.341823,-9.032521,-1.1927873
Cherbourg-en-Cotentin,4,4.2857337,-13.471391,-4.4486403
Meaux,1,7.184729,-4.8665476,-1.7317315
Fréjus,5,-8.687149,-2.5953147,4.2659707
Saint-Brieuc,4,-1.2200172,-1.7825404,0.35259348
Lens,1,8.276749,0.12122748,0.054879643
Brest,1,9.5964155,-3.785624,-2.9034615
Rouen,5,4.609447,-8.392693,4.622845
Vannes,5,0.40838313,-4.1939507,1.1046181
Rennes,1,5.394835,-4.72368,-6.420088
Bourges,5,-3.8573558,-6.635276,4.6104884
Limoges,4,0.92965525,-6.2472024,-5.0305266
Nantes,1,8.342855,-7.3689957,-3.8635488
Mulhouse,1,5.6014037,-2.9647377,-2.823834
Toulouse,1,3.9434512,-8.786811,2.6296656
Orléans,4,2.7254684,-4.47917,-5.8409047
Montbéliard,5,-2.1041534,-4.8974667,8.04231
Metz,1,7.181965,-5.029602,-4.038206
Martigues,5,-0.5889109,-1.2759551,9.847241
Aix-en-Provence,5,1.1362461,3.021833,6.1034923
Caen,1,5.822137,-4.154058,-4.4756994
Boulogne-sur-Mer,1,6.989957,-5.0123806,-2.4592834
Béziers,4,-2.5085337,-3.832049,-1.9394528
Dunkerque,7,3.4514332,-18.866503,-2.3728232
Lille,1,9.46964,-7.113186,-1.3059988
Tours,4,4.752956,-4.1593227,-6.5794787
Strasbourg,1,8.823546,-7.319089,-3.3351617
Montpellier,1,8.860353,-7.0180597,-4.684834
Toulon,1,6.6546235,-7.276963,0.6401281
Paris,2,1.9440988,13.761665,2.5225246
Bayonne,5,0.6224354,-5.697969,1.4129682
Bath and North East Somerset,4,-7.0891867,-1.1366314,-5.9509387
Saltillo,4,-4.6116757,10.710537,-4.1406775
Comitan de Dominguez,4,-11.062428,6.1052837,-4.7633257
Norwich,1,8.846193,-9.23278,-3.4905486
Celaya,4,-5.1060076,9.029811,-4.5298643
St. Helens,4,1.5616591,-4.5037594,-5.5902567
Ottawa,5,-0.8988971,0.7607405,5.671292
Coventry,4,1.5726323,-3.6848586,-9.203377
Monterrey,3,-1.4712818,12.763138,2.5622828
Edmonton,6,6.1747026,6.8809214,2.1227052
Tepic,4,-5.6109533,8.1487,1.1858715
Piedras Negras,3,-11.069217,9.794542,3.898915
Delicias,3,-12.189221,6.9245424,3.5686643
Viana do Castelo,5,-4.479759,-2.508136,6.3045664
Corby,5,-3.1581464,-5.192613,4.2411113
Derry & Strabane Local Government District,4,-4.249925,-5.873951,-6.290565
Acapulco de Juarez,3,-11.63854,9.996252,-1.1190536
Red Deer,5,1.2758784,2.894478,5.9137635
Juarez,3,-10.525365,11.725916,-0.1404991
Toronto,1,1.2261708,12.644814,1.8039925
Viseu,5,-7.070997,-5.3666983,2.763975
Póvoa de Varzim,4,2.0173411,1.4764477,-2.0831318
Guildford,4,-3.8840592,-0.32666647,-6.2549257
Apatzingan,3,-14.244171,8.3129015,0.3979635
Tapachula,3,-13.162885,8.129909,-0.80442023
Benito Juarez,4,-5.0613174,10.323885,-3.8176417
Tianguistenco,6,3.1871135,6.16875,6.677985
Acuna,3,-12.018273,7.049967,3.4657097
Doncaster,4,-2.833458,-3.132677,-6.5359306
Cajeme,3,-12.70031,11.524861,1.2104112
Xalapa,1,11.295692,-3.005234,-2.3974285
Reynosa,3,-11.866312,11.61026,0.04164192
Poza Rica de Hidalgo,3,-12.215221,10.778148,-3.8817048
Coimbra,5,-4.2388263,-3.8829572,6.090509
Quebec,4,-2.050768,0.8983412,-6.7762494
Guimarães,4,4.553897,3.7849383,-5.915349
Mansfield,1,8.266685,1.6130542,1.1419451
Los Cabos,4,-6.2886295,-3.492291,-10.132716
Braga,4,6.2298446,2.9314005,-6.008659
Villahermosa,3,-13.141709,10.346897,-2.2612994
Fresnillo,4,-11.255008,4.578084,-2.9965475
Monclova,3,-12.470663,10.27981,0.29430375
Puebla,1,13.022965,-1.3146831,-1.292467
Oaxaca de Juarez,5,0.20592088,-7.2034,-0.047579646
Barrie,1,5.1683335,-4.2899513,3.333557
Tunbridge Wells,4,-3.8404605,-1.4332634,-4.8109226
Luton,1,11.9126625,-9.467182,-1.0789714
Irapuato,4,-4.6333647,7.721813,1.6452087
Coatzacoalcos,3,-12.386638,10.19425,-2.4919405
Cuauhtemoc,4,-11.3292465,4.701263,-2.9436247
Windsor,4,8.273596,6.2533712,1.0170245
Swindon,4,6.170209,2.7658415,-6.829449
Lincoln,1,4.9743266,-9.380465,3.7032394
Manchester,1,3.7937427,-6.0901165,-9.074252
Faro,4,-8.455404,0.6479842,-6.775939
Bristol,1,11.75049,-9.570155,-1.9426221
North East Lincolnshire,7,3.59115,-16.381672,-3.7027392
Zapotlan el Grande,4,-9.019763,1.8271079,-0.8572721
Guelph,1,5.60125,-2.9837987,3.0738413
Tuxpan,3,-11.528695,9.270326,-1.9388831
Falkirk,4,-3.672042,-5.9816008,-6.621396
Edinburgh,4,4.861471,-5.0538626,-7.268134
Medway,4,5.6922493,0.26186782,-4.7121415
Mazatlan,4,-4.220993,10.827247,-4.423473
Montreal,4,1.5058529,10.883129,1.1146
Vancouver,4,2.2217855,10.072093,0.90277916
Milton Keynes,4,-1.3803229,-6.5248685,-5.5439577
Halton,4,2.415324,-4.3428884,-5.733557
Tuxtla Gutierrez,3,-12.235,10.630228,-3.4499004
Ensenada,4,-8.066148,8.190781,-2.411999
Belfast,1,5.467349,-6.860657,-6.689333
Portsmouth,7,5.1917005,-16.095665,-2.5212953
Guadalupe,4,-7.844383,-3.0756977,-10.398332
Cheltenham,1,5.508807,-6.726911,-4.663399
Orizaba,4,8.289141,5.9965425,0.37429973
Cardiff,1,5.81039,-10.960315,-4.3919606
Regina,4,-0.29672977,1.2436981,-9.814263
Great Yarmouth,7,2.0863261,-15.456769,-2.365001
Cuernavaca,6,-12.513922,10.982032,-4.0722375
Aguascalientes,4,-2.6790612,-2.4542336,-1.6440462
Rushmoor,1,5.951187,-4.210602,5.21682
Nogales,3,-2.1090825,10.19561,-9.027453
Victoria,3,-11.608814,10.464041,-0.062443584
Leicester,1,12.027186,-9.458526,-1.2236813
Sunderland,1,3.8238642,-5.5345907,-5.1130323
San Francisco del Rincon,4,-9.241813,6.1438727,-4.099357
Colchester,4,-7.22462,-0.07517575,-5.3150945
Sherbrooke,4,-5.6833553,0.77502024,-6.087158
Teziutlan,4,-10.230031,5.4323277,-6.239061
Liverpool,1,5.8911767,-10.349103,-4.4582624
Morelia,4,7.227454,5.161329,-0.48568246
Uriangato,4,-11.076504,6.119013,-4.888134
Worthing,1,7.532552,-9.262679,0.6839661
Paredes,4,3.025011,4.529699,-3.7968078
Gloucester,1,7.1826925,-8.115891,-5.38135
San Luis Rio Colorado,3,-12.648222,11.650357,1.0167298
Darlington,4,8.211129,2.378098,1.2806585
Winnipeg,4,8.643308,-0.7979344,-4.2739377
Burnley,4,-1.6360031,-6.223419,-5.695896
Peterborough,4,7.016958,1.8294574,-5.3500395
Abbotsford,4,3.2498198,3.3346841,-2.6935704
Cambridge,1,8.326595,-8.831702,-4.1740956
Bedford,4,-5.1442485,-1.830906,-5.4533033
Solidaridad,3,-10.970667,8.276145,-1.9444906
Pachuca de Soto,4,9.393912,-1.3819584,-5.9932246
Kettering,4,-3.5249019,-4.0980215,-6.0507593
Queretaro,4,-2.510872,11.711797,-4.726534
Saskatoon,4,5.195365,8.398432,-2.3795648
San Luis Potosi,4,-3.0939,11.464928,-4.6980534
Mexico City,2,1.8813289,14.644383,3.6433706
Tlaxcala,4,-10.300817,4.9442534,-8.407488
Carlisle,4,-7.243084,-3.043083,-6.591054
London,4,6.2159476,1.9068855,-4.5616727
Mexicali,3,-11.315523,11.172972,0.08953465
Hidalgo del Parral,3,-11.414924,4.9139085,-2.8610768
Chihuahua,3,-2.151204,10.272833,-9.085426
Veracruz,3,-12.263458,10.8228855,-3.8728886
Trois Rivieres,5,-3.8444993,-2.7046857,6.5271797
St Catharines,5,1.6733989,3.806656,8.31713
Northampton,1,7.1600614,-7.4496193,-6.782515
Swansea,4,-3.378261,-1.8848292,-5.9831305
East Staffordshire,4,-8.364913,-0.69728047,-3.9821842
St Johns,5,-3.885363,-8.367984,-3.3776429
Hermosillo,3,-12.809045,12.046481,1.2807665
Leon,4,-2.5740366,11.702812,-4.711824
Torbay,5,3.3339403,-9.148894,4.7142673
Tampico,3,-10.195054,8.684362,3.1181364
Dundee City,1,5.413747,-6.8910747,-6.5816755
Slough,1,12.135324,-9.39068,-1.1245787
Ponta Delgada,4,-7.2214184,4.968472,-7.6526566
Merida,3,-11.405715,10.92712,-0.650246
Plymouth,1,7.471591,-8.236022,-5.4104314
Blackburn with Darwen,5,-3.4543295,-6.574396,4.362236
Kitchener,1,9.264335,-0.15189406,-2.1704779
Blackpool,1,8.853699,-9.892026,-2.760418
Eastbourne,7,3.771539,-15.755306,-3.0923886
Lagos de Moreno,4,-9.406534,5.8395944,-4.065347
Vila Franca de Xira,5,0.6306269,-0.7977447,5.140567
Reading,1,7.700382,-9.074929,3.5177488
La Paz,4,-7.6706157,-3.1981547,-10.236367
Lazaro Cardenas,3,-14.197053,8.742279,0.5038598
Ocoyoacac,6,6.9093266,6.4969773,3.5937645
Crawley,1,7.0489154,-5.620758,-3.002801
Setúbal,4,-1.2976661,-0.26524493,-0.1896437
Apizaco,4,-10.279222,4.8822894,-8.320791
Bracknell Forest,4,6.510847,2.3114164,-5.8246884
Redditch,4,1.823193,-3.5942597,-6.0108204
Telford and Wrekin,4,-7.30132,-1.6344329,-6.4666924
Toluca,1,13.00641,-1.2472967,-1.228416
San Martin Texmelucan,4,-10.477859,4.977247,-8.705067
Campeche,3,-13.271504,9.78518,0.2338979
Newport,4,4.294101,-14.088912,-5.5292172
Dacorum,4,-3.349703,-1.4538385,-5.754878
Basingstoke and Deane,4,-5.6547027,-1.7264531,-6.365484
Tulancingo de Bravo,4,-9.053201,5.101915,-6.2529187
Preston,4,-7.5888386,-1.2544813,-7.5556455
Aberdeen,5,-0.8553398,-6.7877626,-3.8876069
Oxford,1,7.4725866,-8.387835,-5.5951414
Culiacan,3,-12.247851,11.86276,0.73322165
Minatitlan,3,-12.145387,9.829204,-2.1004076
Tijuana,6,7.369836,-2.246237,2.2835276
Iguala de la Independencia,3,-13.371931,8.535,-0.15938306
Wrexham,4,-8.949957,-0.7586413,-3.3993244
Derby,1,7.362932,-8.181032,-6.112151
Torreon,3,-10.537057,11.701414,-0.16716987
Sintra,4,7.483317,1.0353813,-3.3700883
San Cristobal de las Casas,4,-10.297377,5.4489665,-6.057426
Chesterfield,4,1.3406898,-2.558399,-6.9137106
Othon P. Blanco,3,-11.507216,7.148945,-2.4104552
Chilpancingo de los Bravo,5,-10.054637,2.9357526,0.86040777
Tamworth,1,5.595677,-6.759282,-4.142055
Chiautla,6,6.96897,8.78263,5.619328
Nottingham,1,12.088622,-9.463381,-1.344266
Leeds,4,2.4888597,-5.1448317,-9.319461
Exeter,1,7.9000993,-8.614824,-4.578532
Zitacuaro,4,-10.7581625,5.74265,-5.59294
Sheffield,4,1.1564959,-3.9827416,-8.841239
Newcastle upon Tyne,1,4.927178,-5.173277,-7.086247
Carmen,3,-13.227537,10.032524,0.005522269
Stevenage,1,7.510767,-8.346825,-6.0117226
Maidstone,4,-3.5350928,-1.3774246,-5.046252
Ahome,3,-12.183549,10.583672,3.1451662
Tehuacan,4,-9.038036,5.9988723,-4.852127
Nuevo Laredo,3,-12.325085,11.331389,0.54955333
Halifax,4,-3.9436135,-4.873446,-6.772881
West Midlands urban area,1,4.093034,-6.315804,-8.975962
Matamoros,3,-10.29335,8.889478,3.295212
Glasgow,4,1.9134481,-4.5502763,-9.294773
Porto,1,6.859808,-3.518341,0.40310547
St Albans,4,1.2359812,-3.5981805,-5.6426044
San Juan del Rio,4,-8.610296,6.098512,-4.969774
Southend-on-Sea,1,8.281437,-9.6931,0.77945554
Brighton and Hove,1,9.220525,-9.0119,-3.3725224
Middlesbrough,1,8.296896,1.8887026,1.1641817
Niagara Falls,5,0.9671274,4.011401,7.4911323
Aveiro,4,2.8072548,4.9485826,-3.6782575
Cuautla,3,-12.842149,8.698506,-2.635933
Funchal,5,-7.230412,-0.22379489,3.0710995
Cheshire West and Chester,4,-8.370601,-0.7288894,-3.5735939
Colima,3,-12.063766,10.4383545,-1.8506744
Harlow,1,5.6995945,-7.953806,4.881417
Brantford,1,10.326224,0.23027831,-0.1244049
Kingston upon Hull,7,2.8547704,-18.291136,0.16330507
Warrington,4,0.68643534,-2.9691288,-6.4988747
Southampton,1,7.2840695,-7.555673,-6.7285905
Lisboa,1,8.842369,-6.8233166,-0.09807355
Durango,4,-7.5483947,-3.2620504,-10.164443
Jaltenco,1,11.360466,-10.677602,0.7043951
Uruapan,4,-8.296368,6.679615,-3.5929198
Ashford,4,-3.5569649,-2.2240756,-4.869527
Calgary,1,7.135877,-3.28464,1.1354666
Navojoa,3,-13.253502,10.968379,1.1612407
Puerto Vallarta,4,-5.5136437,8.082991,1.2185885
Stoke-on-Trent,4,0.7380146,-2.4716225,-7.005532
Woking,4,1.8829005,-3.2153604,-5.8764024
Ciudad Valles,3,-12.971453,7.534424,-0.54617757
Thanet,4,0.32081306,-6.8536506,-0.77330816
Cordoba,4,-5.403521,8.541937,-5.1410193
Limerick,4,-3.8433495,-6.3652825,-6.4852962
Žilina,4,-2.0927746,0.52413243,-6.3471513
Mercer,4,-1.5533056,5.9040823,0.19290237
McLean,4,-7.5720453,5.2764363,-3.5085833
Webb,3,-11.999572,11.412602,0.7324588
Vilnius,4,5.873532,0.90771127,-4.3818583
Ulm,5,0.8623628,-2.3872113,3.7891617
Sendai,5,-0.23275004,-4.507095,7.881498
Charlotte,5,-3.6188946,6.1069336,5.7726817
Greene,5,-8.303888,5.0600433,5.4918003
Yakima,5,-7.990706,-4.314775,4.0044875
Dresden,5,1.2965268,-6.9183893,6.933782
Bydgoszcz,1,4.461826,-4.026851,6.4426117
Forsyth,5,-5.0684347,3.6664426,6.4797535
Santa Barbara,4,-6.2540107,-2.6540105,-6.8027625
Arrecife,1,5.648537,-7.0795264,-0.5693089
Zürich,1,10.800685,-3.3087366,-2.6505563
Canberra,4,-9.514406,-3.5056877,-6.31834
Benton (WA),4,-3.0810063,7.905608,-8.216201
San Vicente del Raspeig/Sant Vicent del Raspeig,4,4.5349727,-2.6051219,-7.2860246
New Orleans,4,-1.1837401,6.1113195,-1.5131843
Eivissa,1,9.247279,-10.283297,-2.172256
Amsterdam,7,4.703426,-18.462114,-1.7285998
Galaţi,4,-0.67029995,-1.7400061,-2.6450593
Veenendaal,1,8.500411,-7.4224577,-2.620009
Vilanova i la Geltrú,4,9.213919,-2.7632987,-6.2172413
Basel,1,6.4705515,-7.122764,-0.5742788
Gandia,4,4.500316,-2.5169702,-7.3407307
Nitra,4,-7.7900014,1.44412,-3.1360533
Botoşani,5,3.5038772,-8.832657,5.1265154
Gangneung,6,3.618044,6.74849,6.492266
Lübeck,5,0.25918016,-2.915126,5.4871564
Osijek,4,3.8776097,1.6498547,-0.0054558306
Fukuoka,6,2.8057053,3.6980197,10.476554
Wellington,5,-0.90872633,-7.83159,-3.952079
Ede,4,-4.2263527,1.9142774,-5.98456
Aomori,5,-9.133708,-2.0262213,4.1794763
Ōizumi,6,4.2944083,4.4362874,8.684947
Izmir,1,10.274677,2.4929993,7.1805243
Kent,5,-3.9588406,0.8479551,4.732302
Dane,5,-4.1305995,1.464202,3.487126
Cǎlǎraşi,4,-1.7883879,6.009856,-5.727968
Christchurch,4,-9.431648,-5.8973603,-6.8080587
Leiden,7,4.5073147,-18.876997,-1.2765161
Gorzów Wielkopolski,5,2.2384915,-3.1683912,6.2355227
Freiburg im Breisgau,5,0.36613104,-4.3273687,1.8182772
Utrecht,7,3.8229392,-18.06859,-1.2104912
Sarasota,5,-7.6560173,5.6679173,9.7245455
Kaiserslautern,4,6.8669934,3.7884755,-6.1173387
Sacramento,5,-4.023533,5.123084,7.8753996
Groningen,7,3.6655571,-20.286852,-2.5416067
Sevilla,1,12.245844,-6.6720448,-3.4171731
Hannover,1,6.090382,-7.7387624,2.0642838
Bell,3,-10.345129,7.887952,5.2934413
Rosenheim,4,5.144252,-3.3735318,-3.0569468
Potter,5,-10.986139,7.2386794,7.198035
Pécs,4,-0.6624527,-1.3192995,-2.1625583
Dublin,1,-0.7842951,-8.39473,-3.6994972
Hiroshima,5,1.4802476,3.7008238,9.797036
Daejeon,6,7.2449965,9.619193,7.240388
Kaposvár,4,-8.713851,0.6372799,-1.1493186
Slatina,4,-3.6222818,7.8596363,-5.5100503
Townsville,4,-2.6267977,7.476729,-8.01817
Nissewaard,7,1.7390391,-18.547009,-1.1665196
Leeuwarden,7,2.7168732,-20.24989,-2.4350965
Kusatsu,5,-0.8121449,-1.3139743,10.525461
Winterthur,1,5.9062653,-2.299169,2.9367545
Frankfurt am Main,1,7.20219,-7.360222,1.4404411
Ludwigsburg,1,5.6747,-4.014658,5.515793
Klaipėda,4,3.2266536,-11.94171,-5.6543746
Numazu,4,5.676368,7.1085544,-1.9321711
Toyohashi,6,1.6835281,3.2108643,11.019361
Târgovişte,4,0.3799913,-2.2619684,-3.058441
Kielce,5,1.0608356,-6.606213,7.586225
Diyarbakir,3,-11.84096,10.714259,-2.0967917
Hamilton,5,1.4100008,-3.81943,9.626971
Lane,5,-6.9527197,-4.3634577,2.7862463
Kanazawa,4,-9.474832,5.5289516,-7.6551843
Tallinn,1,7.5453515,-5.785381,-4.762642
Sangamon,5,-6.712824,-0.08158459,6.6788416
Łomża,4,-4.270834,1.5391254,-6.0632486
Regensburg,4,9.144191,-2.85553,-6.4630933
Larimer,4,-2.3343773,4.4098096,-4.6984634
Zadar,5,-8.8295765,-2.7167091,5.191
Fuengirola,1,10.37394,-10.275612,2.162219
Fuji,5,-4.4227934,-3.227086,8.888585
Schweinfurt,4,0.57767683,-6.062879,-0.78392106
Stark,4,-6.7367435,4.6087875,-2.5454316
McLennan,3,-11.02216,6.565258,4.0447655
Brazos,3,-9.691084,9.477577,2.0594373
Gera,5,-0.87602353,-1.9383829,4.7306705
Greater Perth,4,-1.450617,-2.1726496,-10.943527
Greater Adelaide,4,-1.4539076,-2.177013,-10.939087
St. Louis,4,-2.4225938,9.225106,0.6461434
Bytom,6,8.03137,7.2983804,5.4028077
Antalya,4,-5.416045,10.796331,-2.9721186
Hastings,4,1.9428973,-5.4209404,-0.88403034
Douglas (KS),3,-7.710096,8.6357,-1.4714857
Assen,5,-1.5907873,-3.1911914,5.306834
Heilbronn,5,0.070525825,-3.736337,4.092491
Essen,5,3.3803456,-8.325547,7.4180336
Lleida,4,-1.8991318,8.184947,-7.4905767
Sankt Augustin,5,1.1711744,-6.643726,7.359165
Castellón de la Plana/Castelló de la Plana,5,3.4637578,-6.3675036,3.476237
Bremerhaven,7,1.9017149,-18.432299,-0.932019
Austin,3,-9.337755,11.709664,0.29371265
A Coruña,1,9.681554,-9.842657,2.4429638
Hanau,4,7.3245378,0.9728287,-3.0846844
Chiclana de la Frontera,4,-7.887215,4.244978,-4.3418837
Alphen aan den Rijn,7,1.7560074,-18.679094,-1.3515711
Erzurum,4,-8.619634,-0.54940885,-2.8372936
Yonago,5,-3.2974916,-1.2610922,11.139113
Lafayette,5,-8.559065,5.3714237,5.6389327
Pukekohe,4,-3.0072675,-5.5260963,-6.566199
Mannheim,1,9.913313,-1.4398669,-0.8450053
New York (Greater),2,1.3170519,14.365372,3.8274767
Remscheid,4,6.0415654,8.103383,-1.5206846
Hengelo,4,3.382691,-0.9540053,-2.894645
Kurume,6,1.7595519,3.2674994,10.913661
Sebastian,3,-7.590073,9.387157,-0.05102749
Marbella,4,-4.222001,6.709598,-7.170411
Broome,4,-2.3351262,4.5591555,-4.6741014
Purmerend,7,3.3081107,-18.2237,-0.48613903
Berlin,1,11.654888,-7.274417,0.8758214
Pima,3,-11.67802,10.913202,2.8619545
Salzgitter,4,1.0579424,1.2893703,-0.50746864
Montgomery (OH),5,-4.572119,3.1364317,6.70684
Gdynia,1,4.532731,-3.1553302,1.2733365
Denver,4,-0.41897684,10.957477,0.43624163
Boston,4,0.18867353,11.026252,1.2048485
Kochi,5,-4.025476,-3.8029084,9.46643
Münster,5,-0.47894865,-3.4387755,1.6334416
Invercargill,5,-5.927752,-6.971385,3.2656698
Biel/Bienne,1,6.5121994,-4.94165,-2.9718633
Santiago de Compostela,4,-4.5996428,-2.103792,-5.0254483
Durham,4,-3.958294,10.76161,-1.1215845
St. Lucie,4,-5.608912,9.664107,-0.06712967
Hakodate,5,-7.7604074,-2.0759969,3.863619
Daugavpils,4,-0.9805709,-6.5695467,-5.087314
Miskolc,5,-0.49442363,-0.8125261,5.9426327
Thun,1,4.7029777,-1.5919404,0.35118842
Girona,1,4.4134326,-9.043384,4.036786
"Bocholt, Stadt",5,-9.4564,-0.37803957,4.1313453
Białystok,5,3.741544,-8.997364,6.25176
Suncheon,6,5.2026334,7.5983486,5.793878
Zonguldak,5,-10.475883,1.3074871,0.69401944
Utsunomiya,4,6.028919,7.393925,0.08680346
Cass,5,-4.284921,1.5523993,3.2908528
Bendigo,5,-9.033872,-5.063283,3.899895
Columbus,4,-1.3860471,8.732504,0.12316944
Warszawa,1,11.197953,-6.083079,0.80458266
Amersfoort,7,3.265647,-16.77238,-2.1093342
Las Vegas,3,-9.336922,11.813339,0.30959365
Piła,4,-1.3572077,-0.23162869,-0.46615154
Palmerston North,4,-9.081955,-5.307174,-6.675994
Gold Coast,4,0.09486492,-1.3872256,-7.3038926
Satu Mare,4,-5.1462436,3.1273096,-5.368457
Rzeszów,4,1.6806461,1.330908,-7.150765
Sapporo,5,-10.922776,-0.42900214,5.3684287
Lehigh,4,-6.929057,4.723951,-2.5582504
Minneapolis,4,-0.82104707,9.700696,0.69668955
Brevard,5,-7.154122,6.0876203,8.463183
Xanthi,4,-0.6247827,-0.05923829,-9.083669
Volos,5,-0.32678777,-8.807555,0.47344017
Lee,5,-7.544194,5.837627,9.1537
San Joaquin,4,-6.2355957,8.933745,-1.8280355
Himeji,5,-1.1556773,-1.1219885,10.545073
Brăila,1,6.928745,-7.997119,4.447581
Koriyama,5,-4.3329372,-3.1816456,9.090615
Fukui,5,-8.662818,0.033568777,4.9592505
Thessaloniki,1,11.973133,-9.474954,1.428513
Pleven,5,-3.570125,-4.171212,-0.76528853
Gouda,7,4.4668465,-18.684746,-0.8594792
Katowice,6,7.5559177,7.0542984,5.146661
Kaunas,5,4.16467,-5.958768,4.983594
Benton (AR),5,-7.3861027,5.652964,6.055171
Zug,4,6.054438,7.375729,0.17284973
Osaka,2,1.4155784,14.315542,3.6827075
Summit,5,-3.9042299,2.2125676,6.576943
Stalowa Wola,4,-9.238506,4.8102946,-6.782252
Erie (NY),5,-3.3349693,1.6573702,6.19293
Ingolstadt,4,3.528235,0.44038102,-3.1322384
Luzerne,5,-5.6130333,-0.9074655,5.8986216
Mülheim a.d.Ruhr,1,4.0141606,-4.9485397,-0.130028
Tokyo,2,1.9762622,15.117907,4.1218367
Portland,4,0.070859134,-4.205816,-9.468172
Detroit (Greater),4,0.04619382,10.824665,1.497205
Memphis,5,-11.006085,4.2028656,1.6606596
Stara Zagora,4,-1.0307227,6.3443403,-6.063727
Ostrowiec Świętokrzyski,4,-9.797508,4.240514,-7.64932
Kraków,6,8.793095,7.1728177,5.453313
Ashikaga,6,2.6353421,4.592387,7.5427704
Tampa-Hillsborough,4,-5.661691,11.165753,-2.3394113
Szeged,5,-4.6945024,0.61965144,4.133681
Wichita,3,-10.695415,7.6663947,5.335282
Greifswald,7,3.5903623,-15.890393,-3.9304357
Wałbrzych,1,5.553792,-3.5374014,1.7922112
Kern,4,-6.2701845,8.507088,-2.292603
Irun,4,8.726042,0.19176093,-3.9250228
Speyer,4,4.2511635,-0.04767856,0.32311738
Greater Sydney,1,1.2537929,11.606347,0.99872017
Hilversum,1,4.432777,-13.190267,-4.613696
Hidalgo,3,-10.389074,9.04434,4.125092
Moers,4,6.092994,8.095041,-1.5337801
Jackson (MO),5,-4.5735393,6.372529,7.1072993
Jelenia Góra,5,-2.5739346,-3.141321,6.9398446
Fukushima,4,2.6271424,4.7979817,-4.0351453
Paderborn,4,-4.8887944,2.1705186,-6.8927608
Dallas,3,-1.0048311,12.551846,2.979005
Oberhausen,1,6.275482,-7.0516944,-0.5748592
Offenbach am Main,1,6.812876,-7.4823084,1.6383611
Neuss,1,9.072164,0.003905149,-3.3620865
Zamość,4,-7.099668,0.908421,-2.3322072
Cumberland (NC),4,-3.966798,10.842534,-1.1282661
Rybnik,6,4.4602437,5.184126,8.087248
Roman,4,-0.18864381,-3.0966659,-2.9302826
Roosendaal,7,2.0663264,-16.428057,-2.459894
Sagunto,5,-3.5549455,-4.8753476,-0.33748904
Fürth,4,9.1467905,-3.0710027,-6.5487547
Gliwice,6,4.2314672,4.7458324,8.320293
Napa,4,-8.5085335,0.71259505,-6.7366486
Fujieda,5,-0.9794723,-3.5009134,4.435098
Jefferson (TX),5,-7.525328,5.9965596,6.725329
Omuta,6,1.3489413,3.119157,11.138465
Pernik,5,1.5272328,1.3395053,1.9390157
Rīga,1,11.241202,-0.5090135,0.7014386
Jeonju,6,7.438858,9.580204,7.075905
Terrebonne,4,-3.4443445,4.114969,-1.853697
Albany,4,-3.6394627,4.3001285,-3.3767889
Maverick,3,-12.117892,11.198348,0.97209156
Plauen,5,0.11411258,-1.0858904,4.410387
Douglas (NE),4,-3.7848432,9.058666,-1.2680746
Mainz,1,8.509375,-3.5906427,-3.6981573
Düsseldorf,1,10.853101,-3.1290743,-2.2160337
Aschaffenburg,4,9.9181,1.1901758,-0.48761007
Pula/Pola,4,-9.734758,1.4546868,-0.20253256
Scott,4,-4.1229115,5.9926815,-1.2455063
Sedgwick,3,-7.855463,9.9261675,0.098293714
Pittsburgh,4,-1.3171755,8.448405,0.09776291
Escambia,4,-5.1443896,9.101375,-0.11806825
Sindelfingen,4,7.322583,0.89736843,-3.3025517
Konstanz,5,3.8377302,-1.4991152,3.2260158
Leszno,5,1.6730078,-6.732207,7.282352
León,1,5.367255,-9.952303,3.6008067
Huelva,4,0.85659367,9.439212,-7.654415
Kagoshima,5,-10.531116,-0.5528092,4.8345985
Toledo,5,-10.994974,7.194545,7.236604
Sosnowiec,6,5.8590226,4.013656,8.426658
Budapest,1,8.746179,-7.2109685,2.6726708
Genève,1,11.498845,-9.323739,-0.5511354
Kastamonu,4,-9.625981,-0.6103636,-3.232962
Bonn,5,3.1208901,-8.413523,6.191006
Pohang,6,5.555382,7.475504,6.179317
Békéscsaba,5,-5.5970535,-1.2225473,5.869958
Istanbul,2,2.0743413,14.369934,3.1158524
Hitachi,5,-3.9347765,-2.519411,8.943973
Helmond,5,0.3659393,-6.1014724,1.6526746
Trier,4,-2.3522825,1.1504906,-6.86634
Palma de Mallorca,4,10.171041,-4.349793,-7.3711233
Haarlemmermeer,7,3.1002653,-19.87101,-2.8952801
Neu-Ulm,5,-0.09048679,-1.4923898,4.7291703
Tuscaloosa,5,-6.030408,5.640702,5.4877415
Yamagata,5,-3.113075,-3.3706608,6.852372
Hagen,5,1.7113016,-3.3598282,7.0976467
"Línea de la Concepción, La",4,9.797158,-4.490461,-6.414788
Bottrop,4,4.074892,0.42822886,3.120459
Oita,5,-3.2502704,-1.2040032,11.1747875
Alcalá de Guadaíra,5,-10.694746,7.6438417,7.033388
Shizuoka,5,-4.409031,-3.4438615,8.734888
Monroe (IN),4,-4.1381745,2.1595302,1.8355905
Ploieşti,1,10.40157,-6.6438265,-3.4940522
Trabzon,5,2.9021866,-8.367244,2.6804361
Albuquerque,4,-1.6727768,6.206286,-7.0723605
Kankakee,4,-3.8768442,5.575253,-1.6097907
Niigata,7,1.4692376,-17.752312,-1.106314
Bergisch Gladbach,5,-0.25445032,-7.2336416,7.8214893
Napier,4,-8.010375,-5.321744,-6.3603573
Ceuta,1,9.805987,-10.185144,-1.8749563
El Paso (CO),4,-0.5837116,6.747517,-6.730244
Sliven,4,-3.7406862,-3.793684,-3.9517326
Lackawanna,5,-4.747923,-1.9350679,6.0056863
Tomaszów Mazowiecki,1,8.644275,-0.42808643,2.0366178
Iksan,6,5.8084316,8.811979,7.9238424
Witten,4,6.0861554,8.098494,-2.5925074
Fayette,4,-4.5820484,8.130353,-1.9351629
Bursa,4,2.1769533,10.1001625,0.91042817
Irakleio,4,10.851281,-6.227828,-7.3967876
Worcester,5,-6.2307143,-3.9160118,2.3272998
Manresa,5,4.1796584,-5.8186016,4.761379
Jena,4,-6.9212265,0.7571344,-2.625941
Göttingen,5,-1.0559945,-3.2164614,3.078651
Hamburg,1,4.969349,-12.41742,-4.4319873
Luzern,4,9.259249,0.09404544,-3.400702
Iaşi,1,9.69081,-6.94721,-3.3054285
Linn,5,-6.6429186,0.2502255,6.446451
Wetzlar,4,-7.1342783,0.91369355,-2.4230933
Venlo,5,-7.447635,-0.9814236,4.522964
Vratsa,4,-5.2906322,-1.9062474,-0.27327386
Rock,4,-3.4185314,5.6226754,-1.4715775
Celle,4,3.2329924,3.5839455,-2.9492486
Orange,4,-5.649595,11.15998,-2.4196863
Lancaster (NE),4,-5.2744093,9.19344,-0.11235766
Balikesir,4,-7.4355116,5.6753483,-3.0864828
Edirne,5,-4.081247,-3.070863,-0.8121742
Olsztyn,1,8.43391,0.4653241,0.9154851
Bratislava,1,10.07555,0.53578985,0.4947835
Kiel,1,5.4432483,-4.7803845,3.714171
Zielona Góra,4,1.3737297,1.3663068,-0.7705324
Wonju,6,4.8718314,8.569354,6.2585607
Cuenca,5,-4.036485,-7.913443,-2.917509
Chatham,5,-5.5142956,4.258257,6.0779133
Tomakomai,5,5.0488386,-1.5113629,8.483826
Heidelberg,4,8.634769,0.39302614,-4.287438
Allen,5,-5.9361763,0.21885933,6.2313676
Orewa,4,-1.0579323,-6.4916477,-5.186796
Sunshine Coast,5,-9.73477,-2.9376385,2.7817829
Haarlem,7,2.339658,-17.43019,-1.5527415
Pulaski,3,-7.8146214,8.938433,-0.1586386
Greater Valletta,1,9.926193,-10.174696,-1.6395608
Dos Hermanas,4,0.3495104,9.922914,-8.059384
Albacete,4,-1.4578792,8.440752,-7.7656083
Mahoning,4,-3.66502,1.9168016,1.245462
Trnava,4,3.9982934,1.3871652,-2.0329857
Providence,5,-2.642934,0.66321576,5.4046273
Włocławek,4,1.3626204,1.729649,0.27546906
Potsdam,4,3.722123,0.6898072,-2.37429
Outagamie,4,-4.5425196,4.195461,-3.66942
Offenburg,4,2.5287163,1.1338379,0.4828672
Constanţa,5,2.4391966,-7.2727427,6.3161273
Split,1,5.735093,-5.007513,5.7335186
Greater Hobart,4,-9.417774,-4.0687366,-6.472139
Hampden,5,-0.97855395,-0.19189452,5.8701906
Stralsund,4,6.6444397,1.4064678,-5.9379096
Nürnberg,1,7.9719033,-6.797683,-3.2476149
Rijeka,1,7.0951624,-8.831958,0.80703396
Rochester (NY),5,-2.976845,0.94381213,5.7308507
Valladolid,5,-3.9369855,-8.065025,4.1604276
Knox,4,-3.9600034,8.5947895,-1.1168617
Cork,5,-3.4319634,-6.4503784,4.183292
Villingen-Schwenningen,4,2.1207447,1.211879,0.59532386
Yambol,5,-3.2454243,-3.831851,-1.2023995
Kecskemét,4,-9.487055,3.8971283,-4.5460486
Shimonoseki,5,-1.5943906,0.46550086,11.043921
Dortmund,4,10.91053,-3.1589932,-7.1871223
Częstochowa,4,6.098419,7.493236,-0.16183667
Trikala,5,-8.025645,-1.4066354,7.229651
Woodbury,4,-4.300241,6.2435546,-0.17143339
Tulsa,3,-7.856012,9.6975765,-0.019436393
Gyõr,5,-9.459827,0.090646945,3.4672048
Lorca,5,-8.052781,-1.710281,-0.6374182
Wuppertal,1,3.7783184,-5.1830263,-0.9371872
Torrevieja,4,-4.3501425,7.3661613,-6.047478
Geelong,4,-3.4957116,-6.8911824,-6.226237
Frankfurt (Oder),4,2.908148,4.5695605,-3.7576094
Nowy Sącz,4,3.039527,-1.4864911,-2.943042
Pabianice,5,3.1128376,-4.487794,7.327644
Stuttgart,1,10.392694,-3.7106147,-1.7173147
Seoul,2,2.02396,14.807569,3.7272074
St. Gallen,1,10.257716,-1.1173522,-1.753484
Plovdiv,1,12.474245,-6.4255514,-2.7280793
Rochester (MN),4,-5.0800056,4.0509853,-2.763766
Buzău,4,-0.4576654,-1.5150204,-3.1977932
Pazardzhik,4,-7.743264,-1.2033293,-1.0820037
Kalamazoo,4,-3.7155168,5.7975593,-2.6140268
Comanche,3,-10.643516,7.642912,5.4045553
Kars,5,-7.550613,-2.0491693,2.458814
Trenčín,5,0.49666837,-0.9660874,5.0289345
Whatcom,5,-9.044927,0.0445756,4.240225
Madison,4,-4.2252183,9.353834,-1.0378866
Tampa-Hernando,5,-7.4621654,6.036241,8.836718
Lafayette (IN),5,-4.2288666,2.0618737,2.0934427
Waterford,4,-3.5958483,-4.575688,-6.276627
Madrid,1,12.168838,-6.9959407,1.9322593
Narva,5,-8.763745,-3.2683709,0.6993174
Kassel,4,5.0418816,-4.3070545,-3.4973502
Rangiora,4,-8.789209,-5.3470397,-6.529289
Los Angeles (Greater),2,1.198336,14.328091,3.8777838
Washtenaw,4,-3.087238,6.1499324,-1.8858509
Ludwigshafen am Rhein,1,9.823799,-1.5415468,-0.73555475
Nagoya,5,0.31477478,12.46199,3.4694395
Thurston,4,-5.9824233,-2.0996785,-6.750139
Samsun,4,5.74174,4.7177014,-0.90772444
Tczew,1,7.135713,-5.299925,-2.4960968
Giurgiu,4,-1.0464368,-2.066591,-2.514985
Suceava,4,-0.19148543,-0.106640674,-8.386007
Łódź,1,10.404467,-2.4024167,-2.883574
Logroño,1,1.896134,-8.502159,-4.751796
Baia Mare,5,-5.9739876,-2.2103631,2.4120235
Vidin,5,-5.779356,-3.821444,7.7499337
Greater Brisbane,4,2.8237772,-5.2779193,-9.209228
"Düren, Stadt",5,1.1358835,-2.7545092,5.971457
Saarbrücken,4,-1.7146839,-0.69451886,-4.3194423
Chemnitz,5,-2.0751412,-4.8679886,7.9913325
Kavala,5,-5.049687,-5.3287964,6.748482
Takasaki,5,-0.86016303,-1.2661399,10.159203
Pontevedra,4,5.545399,3.397053,-6.084875
Leverkusen,1,9.1510515,-2.3710096,-4.1321425
Oviedo,4,6.7859836,2.5181398,-5.3296766
Timişoara,1,9.5002365,-5.7027874,-3.4108799
Champaign,4,-7.7161083,5.13507,-3.6217675
Virginia Beach,5,-3.0795007,3.7612705,6.288044
Sutter,5,-9.795203,7.725341,6.137416
Yuma,3,-12.268792,10.709689,2.714918
Kushiro,5,-10.067812,-0.84244347,3.383957
Weld,4,-4.359714,6.134523,-0.53737783
Wollongong,4,-0.2279128,-0.97201914,-6.975525
Miyazaki,5,-10.168553,-0.6171201,4.427885
Midland,3,-11.068021,7.2198524,5.198349
Prešov,5,-0.19833587,-3.665475,3.953737
Flagler-Daytona Beach,5,-7.4022355,6.163904,9.619617
Lubbock,3,-1.3219911,9.855287,-8.722797
Tallahassee,3,-5.291997,6.1417828,4.4194865
Rockingham,4,-3.493854,6.151778,-7.854669
Jackson (OR),4,-6.421016,-2.0155475,-0.63449854
Sittard-Geleen,5,2.093376,-1.813861,3.1055508
Caddo,3,-8.295777,8.121656,0.56243765
Cairns,4,-9.014779,-2.566676,-6.1994977
Gumi,6,5.0661807,8.661085,6.012221
Tarragona,5,3.9607506,-8.683871,4.3469787
Târgu Jiu,5,-7.0843344,-1.7162795,1.8870196
Brandenburg an der Havel,4,-9.850176,3.6248257,-4.725982
Malatya,3,-11.265361,6.506781,-4.1382957
Minnehaha,5,-5.1463284,3.939645,6.324667
San Diego,4,-0.20940356,10.387115,1.5239826
Gießen,4,4.3369427,-0.744738,0.13704199
Magdeburg,5,-7.355259,-0.8676517,3.7697701
Blagoevgrad,5,-4.2883263,-8.121112,-1.4531702
Naha,1,9.561401,-11.277904,-2.285608
Saginaw,4,-6.5801907,2.9879932,-2.4185047
Inowrocław,1,10.251443,-2.2228663,-1.4874989
Collado Villalba,1,1.9822564,-8.619376,-4.708468
Cottbus,5,-2.3411598,-0.60932183,0.6815527
Yokkaichi,5,1.113005,2.9509194,11.31094
Koszalin,4,6.3540444,2.1437643,-4.965896
Suwałki,4,-8.38456,-0.5685738,-4.2535014
Santa Cruz,4,-7.7984104,-0.52478,-4.6800175
Rotterdam,7,4.116766,-19.089148,-2.1573014
Bârlad,1,10.415629,-6.3118,-6.174339
Nyíregyháza,4,-5.37885,3.5488315,-5.132288
Chełm,4,0.676257,-6.08945,-0.52873725
Braşov,4,1.523832,-4.445054,-5.608743
Luxembourg,1,5.7674074,-5.5469413,-3.1396694
Rotorua,5,-7.489998,-6.7766757,3.6095932
Solingen,4,1.7850728,1.4010521,-7.2801976
Gosford - Springfield,4,-2.3259015,-0.9994341,-4.078305
Ventura,4,-5.093185,-1.5848459,-7.262811
Iserlohn,5,-0.64751756,-2.6919065,7.2973
Mönchengladbach,4,8.644256,-0.2492818,-4.078951
Augsburg,4,9.268166,-2.710788,-6.272393
Cincinnati,5,-3.4603665,3.2426538,6.817662
Mobile,5,-7.5759478,5.2214622,6.470583
Cheonan,6,6.2017455,9.274614,7.860921
Alcalá de Henares,1,1.4839097,10.18113,-7.5602427
Elche/Elx,4,-3.5022988,6.5096726,-7.6827507
Changwon,6,6.1004705,8.046656,5.9588127
Mesa,5,-5.857863,-2.796434,5.6325755
Algeciras,5,0.45357448,-3.77305,3.5971043
Santander,1,8.801185,-9.602034,1.5223163
Dobrich,5,-8.456506,-3.1496282,4.286167
Schwerin,5,-3.1855266,-4.085162,6.738138
Adana,3,-10.40209,7.137936,1.8565232
Płock,4,5.8302464,7.925618,-2.0328534
Hachinohe,5,-3.4760725,-2.3468983,7.775317
Drobeta-Turnu Severin,4,-0.315282,-2.7793539,-2.852095
Zoetermeer,7,4.394375,-18.786736,-1.0337466
Przemyśl,5,-9.932252,-0.6558994,3.5387244
Boulder,5,-4.526996,-1.3957678,0.58832103
Würzburg,5,0.0924029,-4.570305,1.5834476
Atlanta,5,-2.499578,5.5764823,5.8665857
Puerto de la Cruz,4,-9.479291,4.6537237,-6.7627864
Bremen,7,4.0179024,-17.611885,-3.0388014
Košice,4,9.821104,1.2631265,0.137318
Enschede,4,4.2711306,0.65903825,-2.840675
Konin,4,5.8234935,4.173852,-1.92109
Shumen,5,-8.294425,-3.786598,4.145427
Cáceres,4,-1.1240046,9.674226,-8.514436
Opole,4,4.595274,0.8765603,2.611562
El Paso (TX),3,-10.145109,8.199812,6.3058295
Ostrów Wielkopolski,5,0.0297896,-7.327011,7.544201
Mollet del Vallès,1,8.704864,-9.193823,2.6891537
Brown,4,-4.517592,4.094552,-3.8493803
Mito,5,0.9619755,-3.676649,9.074493
's-Gravenhage,7,4.172821,-18.12973,-0.45507947
Benton (MN),4,-9.198772,4.022917,-4.416704
Haskovo,5,-7.5684967,-1.2097664,6.9355793
Varna,4,1.6405984,-5.3064394,-5.3935065
Marburg,4,-4.789308,1.6776173,-6.220985
Landshut,4,5.8082104,3.658885,-3.1666818
Volusia-Daytona Beach,5,-5.168537,6.7666097,5.9476295
Ada,5,-8.869094,5.0642314,5.206375
Jaén,4,-0.4854003,9.709884,-8.357477
Jeju,6,3.1689968,6.300252,6.6535144
Gaziantep,3,-12.1332655,8.306381,-2.1708055
Salt Lake,5,-3.1013048,4.7982445,6.1516485
Gyeongsan,6,4.072761,7.7620425,6.8173685
Tulare,4,-7.179854,8.497863,-2.1916828
Ruse,4,-7.9511476,4.4875865,-4.1755233
Marugame,5,-2.326124,-0.8937088,11.057732
St. Joseph,4,-3.8256123,4.8184266,-2.2083707
Ector,3,-11.279639,6.8197727,4.693022
Winnebago (IL),4,-3.3701072,5.9337163,-0.78950423
Pforzheim,5,2.8779569,-2.861452,6.474719
Busan,6,7.7521873,9.64163,5.926107
Weber,4,-3.1944978,7.7249155,-2.6079993
Greenville,5,-5.0241914,3.7499497,6.429902
Ballarat,4,-4.1157246,-7.4570546,-5.7101154
Oklahoma,3,-9.802202,7.942742,5.654629
Ingham,4,-3.1479168,6.5186477,-3.046141
Konya,4,-10.066396,2.4466112,0.41096556
Denizli,5,-8.7998085,4.333369,3.9825692
Gdańsk,1,3.640186,-13.380176,-6.724596
Lucas,5,-6.8313146,0.47376025,6.355603
Poznań,1,6.6774235,-3.602627,-0.101068094
Neubrandenburg,5,-11.107031,-0.88289255,2.3803146
Tarnów,4,-8.686954,1.8379264,-1.0773287
Bochum,1,7.128225,-4.372612,-0.79489464
Guadalajara,4,0.1439257,9.621282,-8.031156
Veliko Tarnovo,5,-6.7683787,-1.8089832,-0.5895539
Daegu,6,7.615994,9.4669285,6.165218
Pátra,5,-0.2994414,-8.758366,0.4669137
Piatra Neamţ,4,-7.5410204,0.4216939,-3.5828118
Baltimore,4,-1.5411403,9.125719,0.5913609
Nelson,5,-7.080446,-6.939946,3.583816
Reus,5,3.592439,-7.569043,4.000548
Halle an der Saale,5,1.9031773,-6.8935976,6.4244146
Racine,5,-4.3737464,1.8874489,6.86221
Heerlen,5,0.7581614,-5.167946,1.3474289
Phoenix,3,-9.286474,12.5496435,0.48529118
's-Hertogenbosch,5,1.8909068,-14.864443,-3.2366378
Bern,1,8.566798,0.30463687,-3.3512475
Tulcea,4,-5.375048,-1.5011892,-4.3792663
Fulda,4,-3.0426667,-1.1071186,-5.2355294
Recklinghausen,5,2.9865382,-4.1567273,7.127289
Ruda Śląska,6,4.594685,4.7006145,8.415452
Butte,5,-9.524792,5.4512835,5.543178
East Baton Rouge,5,-8.246054,6.4497604,5.898058
Granollers,1,8.555196,-9.057655,2.8668125
Gwangju,6,7.5237556,9.513634,6.9238276
Nijmegen,1,8.791966,-7.9210253,-3.2190933
Córdoba,3,-1.777791,10.087557,-8.933005
Las Cruces,3,-11.168151,6.6806345,4.609925
Grudziądz,4,-2.0264075,0.44377407,-0.7453561
Johnson,4,-7.7442164,5.5973134,-3.4645882
Isesaki,5,-1.9872842,-0.6864938,10.97202
Ulsan,6,7.745012,8.480415,5.753429
Zamora,4,-7.626946,6.174498,-3.3520825
Granada,5,1.803572,-8.358323,2.546112
Atlantic City,4,-1.9822966,6.0083914,-1.2382957
Esslingen am Neckar,1,5.6059875,-4.1965103,-2.9074337
Tauranga,5,-4.9423146,-7.138055,4.1381125
Veszprém,4,-7.625393,4.34367,-5.7072854
Yellowstone,5,-6.3897877,-0.884357,6.4214053
Bayreuth,4,6.6343985,2.7266848,-4.8980713
Kempten (Allgäu),1,9.910625,1.7441306,0.35111523
Indian River,5,-7.7258763,5.736644,8.374359
Takamatsu,5,1.1574082,4.0119815,8.580717
Tychy,6,6.389403,6.94938,6.352058
Toowoomba,5,-7.9989357,-6.241854,3.734234
Torrejón de Ardoz,1,12.537263,-6.5324364,-2.8525903
Liepāja,5,0.03681497,-3.265509,7.7078457
Bergen op Zoom,7,1.9877837,-15.511535,-2.9851155
Slavonski Brod,4,-3.5819976,7.5882287,-4.876698
Székesfehérvár,5,-1.6981635,-0.5675242,6.121217
Aachen,5,0.58805627,-4.2920685,1.8067863
Tampa-Pinellas,5,-6.3843665,6.231253,8.3557205
Koblenz,5,-1.0236324,-3.4885774,4.3198814
Marion (OR),5,-7.415591,-4.15613,3.0956357
Sanlúcar de Barrameda,4,-2.9834616,7.296185,-7.879855
Braunschweig,4,5.931188,3.6285992,-3.2642
Wiesbaden,4,4.0175896,-0.7493101,-2.5150814
Frankenthal (Pfalz),5,4.5530577,-1.9202683,7.4073815
Görlitz,4,-5.1674447,2.4823637,-6.731052
Badajoz,5,-11.120457,7.2221193,7.407064
Szolnok,4,3.1609356,1.723215,0.34584722
Santa Lucía de Tirajana,4,6.214016,6.865267,-0.56080866
Friedrichshafen,4,2.8504767,2.7260265,4.3667235
New Hanover,5,-5.796802,2.8770068,5.1535425
New Plymouth,4,-4.1194477,-1.651481,-5.9769273
Van,5,-9.852258,-0.25363126,3.2596185
Marion (FL),5,-8.072245,5.255887,9.141842
Lugano,4,5.9071236,7.3421617,-1.172813
Hartford,5,-0.78827477,0.4226912,5.9323773
Asahikawa,5,-10.999537,-0.114870325,1.9167185
Roanoke,4,4.383991,2.0841699,-1.4819295
Lancaster (PA),4,-2.387398,6.2052727,-0.12544362
Monterey,5,-6.998669,-4.052357,2.9910712
Pamplona/Iruña,5,3.4017506,-6.207446,3.3602712
Polk,4,-3.749097,8.097721,-1.798531
Stanislaus,5,-7.404395,4.8906074,6.2730994
Muskegon,5,-4.9338546,-1.8165793,5.9543915
Washington (Greater),5,-0.33170325,11.946085,3.1590893
Benalmádena,4,10.998505,-6.683572,-5.3715496
Torremolinos,1,11.03115,-6.815758,-4.772151
Nagasaki,4,-9.593557,5.8629036,-7.807606
Naju,6,5.254159,7.9437327,7.18902
Piotrków Trybunalski,4,4.27471,0.38279143,2.9139102
Focşani,5,-4.709662,-5.5134234,6.773208
Alachua,5,-7.8747077,6.3447976,4.774593
Collier,5,-7.6352434,5.7805457,8.201536
Bucureşti,1,11.441163,-10.107146,1.2612848
Jelgava,4,2.5879705,0.6690974,-1.1650356
Richland,4,-5.504058,9.343547,-1.2521249
Dauphin,5,-4.630775,1.9338212,6.685066
Vigo,1,6.3067694,-6.7194986,-2.965018
Shawnee,3,-8.0578575,7.5324388,0.7786474
Weimar,5,-7.39261,-1.6258773,4.107776
Avilés,1,6.7022376,-7.5135784,1.2090732
San Sebastián/Donostia,1,6.7798915,-7.303578,0.60273325
Lüneburg,5,0.9129454,-1.9681638,3.9942443
Erie (PA),4,-4.7061625,4.1454315,-3.7059639
Cuyahoga,5,-2.8105052,2.9678423,6.4595113
Bilbao,1,8.341473,-9.076681,3.1747751
Taylor,3,-10.895164,7.349235,5.5593753
Wakayama,6,8.510061,6.2940435,3.187235
Cumberland (ME),4,-3.711768,-3.1898973,-4.9370327
Chuncheon,6,4.8663344,7.705928,6.0650353
Delaware,4,-4.371554,5.3345623,-2.3368528
Burgas,4,-3.6879451,-3.6721246,-3.9501586
Passau,5,-7.153471,-1.2083803,2.5119667
Słupsk,4,1.2184017,1.417263,-0.13542761
Lugo,4,-6.724923,-4.039708,-8.520728
Breda,7,3.5959086,-19.763256,-2.4900248
Râmnicu Vâlcea,4,-0.9573247,-3.4045432,-2.8227942
Pueblo,5,-4.3184752,-7.395648,-1.9940798
Chicago,5,0.20115934,12.475552,3.3643303
München,1,11.343078,-8.973187,-0.32308325
Deventer,5,-1.2825351,-2.8183029,4.6026516
Sopron,5,-0.89914507,-0.9101643,4.9633045
Newcastle,4,-7.340632,0.75743717,-4.2265053
Nagano,5,-2.8357341,-2.4401746,6.3821797
Sonoma,4,-6.1031966,-2.4498258,-4.9498615
Jacksonville,5,-4.5058327,6.473027,6.85
Whangarei,5,-4.9246473,-6.4249973,4.4309373
Nashville,4,-3.9593332,10.8882265,-1.1823004
Zalaegerszeg,4,-2.8973699,0.8626185,0.6012248
Toyama,5,-8.801957,0.009693743,4.9543195
Heemskerk,7,3.376138,-18.085577,-2.9902637
Żory,6,6.155428,7.0274186,6.1333065
Kocaeli,4,7.164019,5.200195,-0.46495056
Târgu Mureş,4,10.646708,-6.104027,-6.926713
Palencia,4,-3.4758341,-7.7673473,-4.3243947
Larisa,4,-2.752424,8.8216305,-5.8857746
Zagreb,1,11.317064,0.014435369,2.3337684
Cluj-Napoca,5,4.006023,-5.635821,4.7891607
Ankara,1,1.2642741,12.603433,1.7095017
Osnabrück,5,0.13009141,-4.2338614,1.947816
Reutlingen,4,4.5714946,-0.5640963,-2.3225055
Erfurt,4,-6.2040052,1.7427145,-6.3959947
Alkmaar,7,3.2074134,-19.805738,-2.691078
Shunan,5,-3.5362906,-1.1726694,11.309473
Sumter,5,-7.8256903,5.0997615,10.725144
Harrison,4,-5.2666407,9.672912,-0.26069883
Las Palmas,1,10.264705,-9.017454,-2.9962392
Miami (Greater),5,-0.4154782,12.155139,3.2302518
Morioka,5,-9.522548,-2.2252076,3.5735543
Zwickau,5,-1.3560556,-3.1546361,3.9182887
Bamberg,4,-0.13777278,-0.3135177,-7.7399373
Siedlce,5,-3.400308,-2.3587089,7.1267543
Havelock North,5,-8.367575,-6.5144396,4.18843
Tatabánya,4,3.91431,1.7244489,-0.479451
Nueces,3,-9.319607,10.364164,1.0385821
Indianapolis,5,-3.1740534,3.7064013,6.547418
Debrecen,4,-4.916283,3.4682302,-3.2089617
Alba Iulia,4,-7.7838545,0.2764599,-3.4526658
Winnebago (WI),5,-4.1602902,0.8416385,4.4675326
Melilla,1,11.0435095,-10.46585,0.2585219
Osan,6,7.7123537,9.807282,7.681994
Hamm,5,-1.5208142,-2.680242,6.503884
Almelo,4,-1.5803002,-0.4093678,-4.63841
Bielefeld,5,-0.19800268,-4.019797,4.2891307
Middelburg,7,2.5431542,-19.636759,-1.9940708
Elbląg,5,2.6008127,-15.536128,-4.0666833
Matsumoto,5,-8.547145,-2.7405794,3.4880228
Oradea,4,1.0852476,-2.3562214,-3.2835002
Obihiro,5,-7.1788454,-3.6876612,3.1669607
Wolfsburg,4,2.232909,1.2081952,0.6263066
Maastricht,4,2.9697213,-5.1758337,-1.1703643
Lublin,1,4.1624045,-4.312476,6.5706925
Alicante/Alacant,4,4.5992794,-2.962516,-7.1152725
Toruń,1,5.7749457,-2.929638,0.7130964
Hatay,3,-12.129086,4.4000196,0.7856631
Mosgiel,5,-5.279351,-7.7503357,4.435844
Genesee,4,-3.8745227,4.3821135,-2.4974432
Apeldoorn,4,-4.11671,1.6861882,-5.973878
Stargard,1,4.6742897,-1.148772,0.12338633
Ávila,4,-4.4447155,-7.438338,-6.1135736
Zgierz,4,4.209981,-0.12139629,3.0450077
Ourense,5,-4.155891,-7.4688106,4.2037835
Soest,5,1.7647508,-14.877671,-3.2625818
Tartu,4,-7.453495,-1.751505,-6.7741246
Katerini,4,-2.7989807,8.172937,-6.0809627
New Haven,4,5.3484664,4.5845757,-0.76530266
Oss,4,3.317122,4.0171156,-3.1160686
Jastrzębie-Zdrój,6,6.5597553,7.132379,5.3326283
Davidson,5,-4.6292186,6.172089,5.7909684
Fresno (Greater),4,-6.278205,8.321588,-2.3868465
Rolleston,5,-3.8843546,-8.628659,-3.3064973
Kalamata,5,-0.9691419,-4.8536434,-2.4070172
Ponferrada,4,-7.148477,-4.496208,-8.352105
Cádiz,1,10.449081,-10.478692,2.2477434
Darmstadt,4,5.852936,7.851142,-1.855998
Valdemoro,1,1.3705273,10.168401,-7.6253843
Wake,5,-3.9853404,6.187321,6.0691385
Mérida,5,-11.247157,6.9835286,7.047442
Alytus,4,0.48491347,-5.614629,-1.2555753
Köln,1,11.506704,-3.175076,-6.97915
Murcia,5,-3.836429,-3.2567563,-0.89497775
Almería,4,-0.69410074,5.591756,-6.248536
Matsuyama,4,-9.211908,5.541402,-7.529612
Spokane,4,-5.267311,5.27537,-3.0654054
Gijón,1,4.4042287,-3.0923243,1.5279896
Świdnica,1,5.5911903,-4.6675987,1.1112367
Washoe,4,-1.421893,6.4644375,-6.980152
Bistriţa,4,-5.8362665,0.292712,-6.012259
Kofu,5,-9.529888,-2.9345274,2.5016696
Seattle,4,-0.079132065,11.295193,0.6355833
Hamamatsu,4,10.875866,-3.1031525,-7.37487
Igualada,4,1.9682629,-4.3346643,-5.767403
Zwolle,7,3.19503,-20.081944,-2.3898497
Chorzów,6,8.487829,7.041768,6.025088
Nevsehir,5,-10.776063,1.1375619,0.91748255
Legnica,1,5.666214,-3.0993526,0.8798748
Auckland,1,4.7311335,-6.291668,-8.089426
Ełk,1,7.2908597,-7.251876,-6.8883023
Hildesheim,4,5.803917,3.6186967,-3.2249193
Rostock,4,4.2764773,-14.112929,-5.7838645
"Puerto de Santa María, El",5,-3.4978504,-3.9140303,-0.923964
Greater Melbourne,4,0.7321539,11.7507,0.71324134
Radom,5,1.779394,-5.981513,7.6267104
Wilhelmshaven,7,3.1671278,-20.353737,-2.7978008
Herne,1,6.567088,-7.1485996,-0.41793752
Kumamoto,4,-9.80755,5.797822,-8.518652
Dunaújváros,4,4.0231824,0.9427234,0.24507685
Mataró,1,10.984819,-9.713305,0.210054
Alcoy,4,-6.5633483,-3.9272792,-8.609262
Merced,4,-7.755182,7.459598,0.864609
Eindhoven,4,10.26771,-3.8866453,-6.9353642
Piteşti,1,6.885495,-8.271064,4.2833786
Gniezno,5,0.2445313,-7.2633195,7.4295044
Punta Gorda,5,-7.783303,5.3448806,10.23477
Sofia,5,2.871784,-0.7410311,5.9282126
Sibiu,4,-0.20529185,-1.006709,-7.009809
Milwaukee,5,1.2672116,-3.8587894,9.465096
Salamanca,1,10.611174,-8.019639,-3.29905
Leipzig,1,6.541989,-2.794397,-3.2897048
Galway,4,4.2554855,-14.126232,-5.9158287
Szombathely,4,-0.56747514,-0.3725783,-1.2513479
Houston,3,-1.4184654,12.753076,2.4905486
Wrocław,1,10.491399,-2.0959055,-2.5819964
Greater Darwin,3,-13.496749,10.516054,2.5651898
Kaiapoi,5,-6.8910246,-6.8520975,3.5266833
Guilford,4,-3.4260974,7.451744,-0.9675905
Vanderburgh,4,-4.538284,8.381511,-0.05174915
Zaanstad,7,3.5637636,-19.464546,-2.1588705
Hoorn,7,1.8687809,-18.520332,-1.1956314
Szczecin,1,3.714663,-13.475427,-6.5855746
Chania,1,4.0225477,-9.330234,6.468254
Bielsko-Biała,6,4.1096573,4.6474986,8.390341
Manisa,5,-4.9890184,6.096513,4.8677697
Zabrze,6,7.9659467,6.8827744,5.7568426
Karlsruhe,1,5.3937545,-3.662242,2.763668
Akita,5,-4.1831303,-2.7380965,9.167892
Kalisz,5,1.9281921,-3.814983,7.1742454
Talavera de la Reina,4,-0.52473027,9.707827,-8.377705
Craiova,1,10.372051,-6.5352407,-3.4956503
Barcelona,1,11.50233,-8.286685,1.1146877
Neumünster,1,10.216794,1.7908752,1.0028669
Panevėžys,4,2.1875062,-5.1610336,-4.562868
Tokushima,5,-3.7773948,-1.7752765,10.846583
Torrelavega,4,7.559029,1.7142994,-4.546178
Almere,7,2.9202325,-19.957947,-3.1170475
Charleston,5,-5.7813444,2.94976,5.3763175
York,5,-4.786579,3.0374818,6.691591
Gelsenkirchen,1,9.494432,-3.293076,-3.2178555
Athina,1,12.190318,-8.066641,0.89592505
Oldenburg (Oldenburg),7,3.8466249,-16.968256,-3.135869
Elda,4,-0.468819,5.3819356,-6.478545
Tilburg,5,1.3784955,-4.5196013,1.9816827
Jefferson (AL),5,-5.9216423,4.3763885,6.521493
Jerez de la Frontera,4,0.013297526,7.2416816,-6.3318715
Bacău,1,10.424932,-6.3711796,-6.157252
Montgomery (AL),5,-7.5807123,4.829741,6.363867
Newport News,4,-2.2593927,8.560516,-1.0582557
Peoria,5,-6.942455,0.07220579,6.676444
Vitoria/Gasteiz,4,-2.036255,-7.15832,-5.6478863
Jefferson (KY),4,-3.0822217,8.873509,-0.7853833
Cheongju,6,6.0860415,9.154231,7.8795743
Pitt,5,-5.319962,5.6006546,5.843672
Serres,5,-5.7759223,-3.994344,7.545839
Šiauliai,5,-3.1239002,-5.037899,4.203854
Krefeld,5,2.9106655,-3.9208364,6.9245443
Zaragoza,4,-1.486413,8.377336,-7.556473
Philadelphia (Greater),4,0.13062024,10.805313,1.6869029
Kayseri,4,-1.3546907,8.378113,0.03478068
Ube,5,-2.7420008,-0.9962559,11.1515045
Jinju,6,3.6980133,6.865957,6.7753544
Siirt,3,-11.625429,7.6242156,-2.2037005
Arnhem,5,0.45337346,-4.4453573,1.9011998
Dessau-Roßlau,5,-11.196892,-1.0825917,2.5212767
Onondaga,4,-3.5183,4.1355186,-3.2661915
Telde,4,2.5307357,3.1884475,5.0058117
Duisburg,4,10.969897,-3.1875043,-7.228365
Banská Bystrica,4,6.1792774,3.218536,-6.497748
Głogów,1,10.182262,-0.5963862,-0.96392876
Santa Cruz de Tenerife,5,3.8963284,-1.0613045,3.1826026
Hamilton (TN),4,-3.962427,7.9221625,-1.0482924
Ioannina,4,11.484883,-7.817651,-6.9738274
Lubin,4,9.022517,-1.7611948,-4.596557
Cameron,3,-10.226861,8.6938715,4.2279167
Centre,4,-6.6715717,4.0672555,-4.7765727
Dunedin,4,-9.288614,-5.6591578,-6.7640367
Washington (MD),4,-4.3249235,5.9253473,-1.7520477
Muscogee,5,-7.435956,5.246755,6.346522
Valencia,1,11.394549,-6.531903,-2.8977835
San Francisco (Greater),4,0.32085422,12.007874,1.5065844
Siegen,4,-1.9585357,-0.5320559,-4.7681584
Lausanne,1,10.234257,-3.4428446,-1.5161984
Kitakyushu,6,2.1312323,3.4454722,10.673693
Erlangen,4,5.8619604,0.2608614,-3.6707375
Ferrol,5,0.74548733,-1.1917133,4.4026423
Benidorm,4,-0.11803754,1.0068423,-10.001929
Tübingen,4,-1.3138424,-0.4189985,-0.07871693
Gunsan,6,5.381039,8.29389,8.01058
Eger,4,-2.4679341,0.16601694,0.27534473
Berks,5,-4.5118012,2.2522404,7.013064
Arad,4,-2.8394992,6.180824,-4.731804
Utah,4,1.874297,5.746024,-3.8531604
Málaga,5,2.408039,-8.300232,2.6079645
Okayama,5,1.6024159,4.052383,8.913881
Burgos,5,-4.015337,-7.8654823,4.133174
Flensburg,5,4.559736,-5.453511,4.107779
Ciudad Real,5,-11.187651,7.172427,7.4410233
Richmond (Greater),4,-5.194485,8.306621,-5.2918735
Lelystad,7,2.6238556,-20.273296,-2.8984082
Wien,1,12.573018,-8.150012,0.68003327
Arezzo,5,-5.037308,-1.7034173,0.3355468
Sassuolo,4,2.629802,3.9113374,5.5892053
Padova,6,8.831811,5.190737,4.694736
Genova,1,7.6388497,-2.0310743,6.962316
Vicenza,6,6.837077,5.557401,6.3752995
La Spezia,5,3.4907422,-4.0396724,6.6104827
Mons,4,3.1617887,1.1943758,-1.9913954
Pordenone,5,7.1694527,1.9762542,8.381427
Zlín,4,-4.629429,3.0711653,-6.889049
Malmö,1,5.0201015,-5.4281836,3.964122
Plzeň,5,5.9944863,-1.6522021,7.50257
Santiago,6,6.833321,10.302429,7.8089294
Chillan,5,0.9790338,4.03776,7.1240945
Oulu/Uleåborg,4,-4.254068,-7.3658404,-6.1991677
Norrköping,4,-6.3845143,-5.5540385,-7.3088236
Torino,1,12.945311,-2.98511,4.221796
Anzio,4,8.284289,6.26077,1.2496659
Lahti/Lahtis,4,-3.7849362,-8.030215,-3.8693256
Lecco,6,2.6974747,4.3486032,6.418696
Bruxelles/Brussel,1,11.177939,-10.20776,0.98342526
Quillota,6,5.107072,7.195582,5.2135234
Charleroi,1,6.4541287,-2.4192245,-3.371628
Roma,1,10.194014,2.444851,7.2398367
Brescia,6,9.0294485,4.4252963,6.0290074
Avellino,1,6.3405433,-1.8733834,2.722146
Mechelen,7,2.1814198,-16.783028,-2.1422687
Pardubice,5,-0.045303028,-3.2188075,7.6468673
Namur,5,0.50813335,-1.1482552,5.4643645
Graz,1,5.5986195,-4.607807,3.037985
Lund,4,-3.7117279,-4.6220903,-6.54523
Copiapo,4,-6.382163,-3.611491,-9.086681
Södertälje,4,-6.516,-5.3709903,-7.363786
Punta Arenas,5,-6.487826,-6.899833,1.0062284
Olomouc,5,5.714471,-1.5204182,7.6729074
Latina,5,0.3549625,-0.5866326,8.479678
Havířov,6,6.265934,3.717988,8.314726
Trieste,1,11.028887,-1.6757566,-1.5304635
Vantaa/Vanda,4,1.6581029,-3.2334056,-9.226891
Massa,4,-9.182625,4.835809,-6.6264176
Altamura,5,1.338309,1.1667354,2.5360954
Alessandria,6,6.284522,4.165889,5.969285
Leuven,5,0.5231528,-5.7525473,1.3013122
Como,6,5.8202806,4.001354,8.417153
Firenze,1,7.2444854,-8.188527,4.1884475
Foggia,4,7.2984924,5.0793943,-6.4696245
Savona,1,11.797615,1.4420993,0.6629283
San Antonio,3,-9.39441,10.367887,1.1500096
Potenza,4,1.5940017,1.3498087,1.8321569
Jyväskylä,4,-6.735246,-5.019969,-7.918131
Novara,6,8.14167,4.646498,6.1551514
Jönköping,5,-8.032241,-5.2797704,1.8221182
Acireale,1,8.966264,0.057442807,1.8703202
Trapani,5,6.5976977,-0.8630502,7.874017
Sassari,4,2.4477067,5.1328535,-3.9853404
Antofagasta,4,-2.3279247,2.0100691,1.1729728
Linares,3,-9.011313,7.161609,5.29807
Los Angeles,4,-7.4110174,4.327774,-5.8211837
Aalborg,4,-6.3647676,-2.1803162,-6.4660273
Livorno,5,1.7283959,2.7306304,5.7342534
Arica,5,-0.9319808,-0.28189605,3.0777137
Iquique,5,-0.97768444,-0.2122043,2.929987
Pisa,4,5.8492785,4.843287,-0.8940741
Ljubljana,4,5.2911706,1.0908943,2.2401383
Reggio nell'Emilia,6,12.286039,2.458228,1.8598824
Most,1,10.862679,1.5241895,1.4942348
Piacenza,6,7.796364,2.688268,8.151429
Palermo,1,12.701211,-2.0638144,3.8294177
La Louvière,4,3.495566,-0.5869269,-2.9697156
Valparaiso,6,6.0737014,7.0179825,1.7980778
Oostende,7,3.9483736,-18.067242,-2.833476
Carpi,6,7.9051714,5.6350408,4.250743
Bologna,1,12.163045,-1.6288949,1.5979149
Messina,5,6.1819787,-1.491337,7.5855765
Kladno,5,2.0498602,-5.3666897,7.6900954
Rancagua,6,6.291787,6.935873,2.3238814
Venezia,6,8.854054,6.2182217,3.4712555
Curico,5,-2.9464452,-0.261552,3.6811867
Perugia,4,7.24892,4.957086,-6.442222
Modena,6,7.7236905,2.831022,8.202074
Maribor,5,0.2032239,-1.1226563,8.510837
Stockholm,4,2.320348,-5.071885,-9.430231
Helsingborg,4,-5.7017207,-1.8732257,-5.9859405
Temuco,5,-6.359239,-2.6872962,1.3703041
Pescara,1,12.653007,-1.744771,3.9079006
Chomutov-Jirkov,1,8.989819,0.29853746,0.31655338
Lecce,5,4.4981833,-1.0832987,7.786195
Prato,1,5.7758675,-4.0150247,5.5850263
Uppsala,5,-6.4973483,-6.3974648,1.6672599
Talca,5,1.9238322,-1.9525939,3.7295494
København,1,5.9215727,-10.329441,-4.4691358
Kuopio,4,-7.248318,-5.2691627,-6.36368
Grosseto,4,0.3977422,7.1789894,-5.9849067
Valdivia,4,-6.523285,-2.2316134,-6.7891755
Calera,6,5.4752827,7.275297,5.209559
Forlì,5,0.26381627,-0.91079503,8.489537
Molfetta,1,11.406714,0.030434508,3.7638376
Brugge,7,2.0249386,-15.604114,-3.0862222
Ferrara,6,7.6308155,3.8331997,8.78653
Battipaglia,1,11.83577,1.7514622,1.6571616
Verviers,5,-0.1529548,-7.56717,7.227376
Parma,1,12.264445,2.3114822,1.9671417
Gent,4,3.2434204,-11.946798,-5.6342134
České Budějovice,1,13.013806,-0.24321331,4.2074594
Västerås,5,-7.6147113,-5.688246,2.1934464
Puerto Montt,4,-7.698982,-3.8498757,-8.485361
Karviná,6,7.305488,4.0708585,8.535108
Bolzano,5,4.355796,-5.8695188,5.257678
Innsbruck,1,8.118202,0.7648773,3.6723208
Barletta,1,12.02301,1.6189674,2.8660612
Cagliari,1,7.523744,-1.9577554,7.032626
Treviso,6,8.4500475,5.4708405,4.4917517
Pesaro,5,-0.04747948,-1.368891,8.751817
Reykjavík,4,-5.8316097,-5.42763,-8.167233
Karlovy Vary,4,-5.1181974,1.6821657,-6.549746
Jihlava,4,-4.2910976,1.3297994,-6.088574
Århus,5,-1.002565,-6.522229,-4.10556
Mouscron,4,1.579203,1.2671826,-7.1016364
Brno,1,11.2156515,-0.1528337,1.4196702
Borås,5,-6.612722,-6.2328978,2.2227554
Pavia,6,7.8809643,3.4190526,7.8048716
Tampere/Tammerfors,4,-7.893541,-3.2056973,-7.868898
San Fernando,5,3.839637,-0.54695666,7.9140925
Bergamo,6,9.215259,4.372031,6.0800314
Liberec,4,3.684423,0.9387605,-3.177443
Umeå,5,-8.039743,-5.167917,1.4617941
Osorno,4,-6.438289,-5.463771,-7.448352
Helsinki/Helsingfors,1,5.650548,-11.314848,-4.3433776
Caserta,1,10.771662,0.35906002,-0.7574324
Praha,1,11.951979,-1.5039915,1.7353442
Melipilla,6,4.7345686,8.6541815,6.079345
Concepcion,4,6.065512,7.338955,0.935352
Catanzaro,1,9.654466,0.75837475,3.542309
Bisceglie,1,11.063202,0.67125577,3.3536978
Brindisi,5,6.6518826,-0.89763254,7.849753
Odense,4,-4.366891,-1.126395,-6.3900123
Bagheria,1,11.439626,-0.5211955,2.1546175
Espoo/Esbo,4,-2.3918228,-3.0754447,-6.914155
Terni,5,-3.3943696,-4.316762,6.10585
Calama,6,4.7656293,7.6003695,6.886324
Rimini,5,1.3922615,3.7225938,8.22735
Ravenna,7,2.528946,-17.520142,-3.4230304
Hradec Králové,4,-4.7567177,3.029814,-7.002837
Siracusa,1,10.236581,0.83627003,3.469547
L'Aquila,5,-4.316232,-8.194285,-1.2549651
Campobasso,1,8.39607,0.7864184,3.6312943
Ragusa,4,10.02877,1.0540597,3.5741432
Ovalle,5,-6.89308,-3.8777514,2.8075843
Ancona,1,12.027591,1.6680056,2.610657
Napoli,1,11.221179,-6.2565618,0.88702154
Milano,6,9.975906,3.251726,6.974899
Bari,1,12.515498,-1.4691457,3.8449917
Catania,1,11.847155,-0.29072765,3.539887
Örebro,4,-6.7762876,-5.4355936,-7.0902796
Varese,6,6.498229,4.8598285,6.3487277
Salerno,1,11.744745,-1.2169704,2.883868
Linz,4,9.996018,-3.1135895,-6.6806946
Cosenza,1,12.697104,0.74658,3.371966
Coquimbo-La Serena,4,2.3956943,4.8315344,-4.2937245
Cremona,6,9.172768,4.8105326,4.4327865
Andria,4,-4.099315,4.3295875,-2.7138627
Verona,6,7.7883344,3.0468214,8.023286
Asti,6,7.560069,3.8796499,8.735026
Klagenfurt,4,6.5401664,3.2921426,-5.9042816
Udine,1,11.892904,-0.6313222,3.621451
Matera,4,9.758516,1.0871359,3.6925972
Cerignola,4,-1.0505974,6.3566785,-5.2405915
Gela,1,11.77897,1.6892159,2.8544912
Antwerpen,7,4.2724047,-17.01994,-2.6972444
Kortrijk,4,3.973327,0.9770985,2.6018064
Göteborg,5,-0.8731719,-8.158881,-3.7865443
Liège,1,6.441917,-2.758867,-3.5315027
Taranto,5,5.579122,-1.3947469,7.762518
Reggio di Calabria,5,6.348021,-1.2748921,7.685004
Linköping,5,-7.1413093,-5.8880196,1.8731867
Turku/Åbo,4,-7.8816795,-2.8965368,-7.952594
Salzburg,4,-0.039813392,0.9880746,-10.080563
Bitonto,1,10.407246,1.0711391,3.3892806
Trento,4,2.2809567,1.1316152,0.68959695
Ostrava,1,7.0838785,-1.0731312,2.6480713
Ústí nad Labem,1,12.118308,0.21818475,3.7397478
Sincelejo,3,-12.302131,9.550228,2.260899
Barranquilla,1,12.195312,-10.451369,1.2989058
Aguachica,3,-13.195534,9.961069,2.6450517
Facatativa,6,6.7208743,5.663798,6.3866334
Manizales,4,5.809516,5.6035733,-0.11997203
Sogamoso,4,-8.103015,-2.0256774,-6.3203626
Florence,5,-10.308874,1.5253751,0.66189444
Yopal,3,-9.57814,9.780347,1.7151664
Valledupar,3,-10.859538,9.601617,4.0029535
El Carmen de Bolivar,3,-14.284683,7.389116,0.3879592
Girardot,3,-10.405166,7.241219,1.8018055
Ibague,4,-2.487259,6.1902905,-1.3636523
Ipiales,5,-7.7412868,-3.8949847,0.27225316
Tulua,5,-6.4592643,-6.211595,1.8257369
Bucaramanga,6,-3.3573196,6.223358,5.6370864
Armenia,5,1.9874083,-1.999133,3.4870212
Villavicencio,4,-4.3518696,8.535596,0.26363865
Neiva,5,-4.406323,0.9907181,4.053942
Buenaventura,5,-11.526282,0.6934219,1.1590272
Cienaga,3,-10.995231,5.4638805,2.2628765
Fundacion,3,-12.242635,4.6406226,0.7343486
Duitama,5,-6.881496,-2.7894597,0.8479451
Bogota D.C.,2,1.9516523,13.723993,2.464583
Guadalajara de Buga,5,-8.365215,-4.1380324,1.3109938
Magangue,3,-14.4729805,8.004312,0.50912464
Pasto,4,-7.8456955,-3.7539213,0.06527909
Santa Marta,4,-7.3280125,8.686126,-2.5522685
Cartago,4,-1.3454318,5.748181,0.40493208
Zipaquira,4,4.8389206,1.3093086,2.2876856
Barrancabermeja,3,-13.466642,9.906758,2.6351473
Espinal,3,-12.870538,7.623889,-0.8276927
La Dorada,3,-12.689625,7.4094143,-1.1062945
Arauca,3,-14.133,7.1677866,0.39871922
Santa Rosa de Cabal,4,-7.4949894,4.97522,-7.48921
Cartagena,4,0.25117195,-1.9832181,-3.632526
San Andres de Tumaco,5,-11.996931,0.95461094,1.0428774
Medellin,1,11.446188,-7.272131,1.2717448
Cucuta,3,-10.235005,8.202272,2.6700068
Riohacha,3,-10.70891,6.3769774,3.8645847
Monteria,3,-8.521224,7.862846,0.787729
Cali,5,3.7241642,-9.336102,1.600996
Ocana,4,-4.960313,8.216178,0.73651135
Maicao,3,-12.396928,6.455579,1.8475425
Sabanalarga,3,-12.65323,6.5870843,0.5764035
Quibdo,5,-11.816274,0.85295707,1.0477448
Caucasia,3,-12.62416,6.5894904,0.7006382
Rionegro,4,5.8939137,6.537159,0.6858786
Fusagasuga,6,3.3635392,4.811569,7.974535
Palmira,5,-7.37277,-1.9661146,2.0895302
Pereira,4,5.9166083,7.0579023,0.7103716
Apartado,5,-8.835943,4.4234853,4.1634064
Tunja,4,1.1596459,-2.4905894,-7.0263925
Popayan,4,-8.250774,-2.2779865,-6.576024
